{"graph_0": {"_type": "graph-file", "sha256": "385fca4388e44b14b32640dc44fb44f370239e9ddb921ba9869a4d0c12455e03", "size": 8015, "path": "media/graph/graph_0_summary_385fca4388e44b14b326.graph.json"}, "lr-LARS/backbone": 0.07044905008635578, "lr-LARS/classifier": 0.03659758203799657, "lr-LARS/projector": 0.07044905008635578, "trainer/global_step": 57, "_timestamp": 1756126379.0086694, "_runtime": 39.13659644126892, "_step": 3, "train_class_loss_step": 3.999884605407715, "train_acc1_step": 5.6640625, "train_acc5_step": 20.5078125, "train_nce_loss_step": 4.030217170715332, "epoch": 0, "val_loss": 3.829862356185913, "val_acc1": 7.8333330154418945, "val_acc5": 25.53333282470703, "train_class_loss_epoch": 4.053321361541748, "train_acc1_epoch": 4.062836647033691, "train_acc5_epoch": 14.953192710876465, "train_nce_loss_epoch": 4.109583854675293, "_wandb": {"runtime": 53}}